Dive Number,GF Minimum,GF Maximum,Surface Interval (min),Imperial Units,Start Battery Voltage,Start CNS %,Start Date,Start External O2 Sensor Status,Start Low Set Point,Start High Set Point,Computer Firmware Version,Max Depth,Max Time,Error History,End Battery Voltage,End CNS,End Date,End External O2 Sensor Status,End Low Set Point,End High Set Point,Computer Serial Number,Computer Firmware Version,Computer Model,Log Version,Deco Model,VPM-B Conservatism,Start Surface Pressure,End Surface Pressure,Product
1,40,85,65535,True,4.1,0,11/4/2023 9:20:53 AM,False,0,1,86,37.8,2844,,4.1,0,11/4/2023 10:08:12 AM,False,0,1,984FCD68,86,2,13,GF,40/85,1014,1014,Peregrine
2,40,85,64,True,4.1,0,11/4/2023 11:11:43 AM,False,0,1,86,37.6,2748,,4.1,0,11/4/2023 11:57:26 AM,False,0,1,984FCD68,86,2,13,GF,40/85,1012,1012,Peregrine
3,40,85,10003,True,4.1,0,11/11/2023 10:39:31 AM,False,0,1,86,10.5,190,,4.1,0,11/11/2023 10:42:36 AM,False,0,1,984FCD68,86,2,13,GF,40/85,1016,1016,Peregrine
4,40,85,6,True,4.1,0,11/11/2023 10:48:29 AM,False,0,1,86,9.7,60,,4.1,0,11/11/2023 10:49:24 AM,False,0,1,984FCD68,86,2,13,GF,40/85,1016,1016,Peregrine
5,40,85,65535,True,4,0,2/10/2024 11:35:28 AM,False,0,1,86,56.6,3046,,4,3,2/10/2024 12:26:09 PM,False,0,1,984FCD68,86,2,13,GF,40/85,1016,1016,Peregrine
6,40,85,41984,True,4,0,3/10/2024 4:08:57 PM,False,0,1,86,6.5,7,,4,0,3/10/2024 4:08:59 PM,False,0,1,984FCD68,86,2,13,GF,40/85,1014,1014,Peregrine
7,40,85,2,True,4,0,3/10/2024 4:10:22 PM,False,0,1,86,9.900001,89,,4,0,3/10/2024 4:11:46 PM,False,0,1,984FCD68,86,2,13,GF,40/85,1014,1014,Peregrine
8,40,85,2,True,4,0,3/10/2024 4:13:02 PM,False,0,1,86,10.1,19,,4,0,3/10/2024 4:13:16 PM,False,0,1,984FCD68,86,2,13,GF,40/85,1014,1014,Peregrine
9,40,85,2,True,4,0,3/10/2024 4:14:51 PM,False,0,1,86,15.6,94,,4,0,3/10/2024 4:16:20 PM,False,0,1,984FCD68,86,2,13,GF,40/85,1014,1014,Peregrine
10,40,85,2,True,4,0,3/10/2024 4:17:53 PM,False,0,1,86,10.1,13,,4,0,3/10/2024 4:18:01 PM,False,0,1,984FCD68,86,2,13,GF,40/85,1014,1014,Peregrine
11,40,85,6,True,4,0,3/10/2024 4:23:13 PM,False,0,1,86,12.6,90,,4,0,3/10/2024 4:24:38 PM,False,0,1,984FCD68,86,2,13,GF,40/85,1014,1014,Peregrine
12,40,85,64343,True,4,0,4/24/2024 8:46:12 AM,False,0,1,86,32.2,4093,,4,0,4/24/2024 9:54:19 AM,False,0,1,984FCD68,86,2,13,GF,40/85,1018,1018,Peregrine
13,40,85,82,True,4,0,4/24/2024 11:15:28 AM,False,0,1,86,29.8,5192,,4,0,4/24/2024 12:41:55 PM,False,0,1,984FCD68,86,2,13,GF,40/85,1018,1018,Peregrine
14,40,85,1293,True,4,0,4/25/2024 10:13:37 AM,False,0,1,86,35.5,4063,,3.9,0,4/25/2024 11:21:15 AM,False,0,1,984FCD68,86,2,13,GF,40/85,1016,1016,Peregrine
15,40,85,59,True,3.9,0,4/25/2024 12:19:19 PM,False,0,1,86,35.8,3578,,3.9,0,4/25/2024 1:18:52 PM,False,0,1,984FCD68,86,2,13,GF,40/85,1014,1014,Peregrine
16,40,85,1127,True,3.9,0,4/26/2024 8:04:58 AM,False,0,1,86,25.7,3825,,3.9,0,4/26/2024 9:08:38 AM,False,0,1,984FCD68,86,2,13,GF,40/85,1017,1017,Peregrine
17,40,85,56,True,3.9,0,4/26/2024 10:04:17 AM,False,0,1,86,23.9,3864,,3.9,0,4/26/2024 11:08:36 AM,False,0,1,984FCD68,86,2,13,GF,40/85,1016,1016,Peregrine
18,40,85,28848,True,3.9,0,5/16/2024 11:55:19 AM,False,0,1,86,30.3,2668,,3.9,0,5/16/2024 12:39:42 PM,False,0,1,984FCD68,86,2,13,GF,40/85,1011,1011,Peregrine
19,40,85,33205,True,3.9,0,6/8/2024 2:04:01 PM,False,0,1,86,13.2,3000,,3.9,0,6/8/2024 2:53:56 PM,False,0,1,984FCD68,86,2,13,GF,40/85,1004,1004,Peregrine
20,40,85,3,True,3.9,0,6/8/2024 2:55:58 PM,False,0,1,86,12.4,183,,3.9,0,6/8/2024 2:58:56 PM,False,0,1,984FCD68,86,2,13,GF,40/85,1004,1004,Peregrine
21,40,85,1150,True,3.9,0,6/9/2024 10:08:21 AM,False,0,1,86,38.2,3404,,3.8,0,6/9/2024 11:05:00 AM,False,0,1,984FCD68,86,2,13,GF,40/85,1010,1010,Peregrine
22,40,85,8521,True,3.8,0,6/15/2024 9:05:02 AM,False,0,1,86,31.9,2964,,3.8,0,6/15/2024 9:54:21 AM,False,0,1,984FCD68,86,2,13,GF,40/85,1013,1013,Peregrine
23,40,85,123,True,3.8,0,6/15/2024 11:56:23 AM,False,0,1,86,32.6,3510,,3.8,0,6/15/2024 12:54:48 PM,False,0,1,984FCD68,86,2,13,GF,40/85,1012,1012,Peregrine
24,40,85,1207,True,3.8,0,6/16/2024 9:01:18 AM,False,0,1,86,32.8,4085,,3.8,0,6/16/2024 10:09:18 AM,False,0,1,984FCD68,86,2,13,GF,40/85,1010,1010,Peregrine
25,40,85,2,True,3.8,0,6/16/2024 10:10:30 AM,False,0,1,86,6.1,20,,3.8,0,6/16/2024 10:10:45 AM,False,0,1,984FCD68,86,2,13,GF,40/85,1010,1010,Peregrine
26,40,85,69,True,3.8,0,6/16/2024 11:19:22 AM,False,0,1,86,30.3,2396,,3.8,0,6/16/2024 11:59:13 AM,False,0,1,984FCD68,86,2,13,GF,40/85,1009,1009,Peregrine
27,40,85,21517,True,3.8,0,7/1/2024 10:35:07 AM,False,0,1,86,48.9,2148,,3.8,0,7/1/2024 11:10:50 AM,False,0,1,984FCD68,86,2,13,GF,40/85,1011,1011,Peregrine
28,40,85,12918,True,3.8,0,7/10/2024 10:28:04 AM,False,0,1,86,6.6,83,,3.8,0,7/10/2024 10:29:22 AM,False,0,1,984FCD68,86,2,13,GF,40/85,1008,1008,Peregrine
29,40,85,7,True,3.8,0,7/10/2024 10:36:01 AM,False,0,1,86,40.7,1701,,3.8,0,7/10/2024 11:04:17 AM,False,0,1,984FCD68,86,2,13,GF,40/85,1008,1008,Peregrine
30,40,85,4226,True,3.8,0,7/13/2024 9:28:42 AM,False,0,1,86,33.5,3606,,3.8,0,7/13/2024 10:28:43 AM,False,0,1,984FCD68,86,2,13,GF,40/85,1011,1011,Peregrine
31,40,85,103,True,3.8,0,7/13/2024 12:11:16 PM,False,0,1,86,36,2544,,3.8,0,7/13/2024 12:53:35 PM,False,0,1,984FCD68,86,2,13,GF,40/85,1010,1010,Peregrine
32,40,85,1516,True,3.8,0,7/14/2024 2:08:11 PM,False,0,1,86,28.1,3981,,3.8,0,7/14/2024 3:14:27 PM,False,0,1,984FCD68,86,2,13,GF,40/85,1014,1014,Peregrine
33,40,85,19067,True,3.8,0,7/27/2024 8:59:44 PM,False,0,1,86,46.1,2847,,3.8,0,7/27/2024 9:47:06 PM,False,0,1,984FCD68,86,2,13,GF,40/85,1009,1009,Peregrine
34,40,85,27088,True,3.8,0,8/15/2024 5:13:45 PM,False,0,1,86,9.400001,67,,3.8,0,8/15/2024 5:14:47 PM,False,0,1,984FCD68,86,2,13,GF,40/85,732,732,Peregrine
35,40,85,4,True,3.8,0,8/15/2024 5:18:10 PM,False,0,1,86,10.9,12,,3.8,0,8/15/2024 5:18:17 PM,False,0,1,984FCD68,86,2,13,GF,40/85,732,732,Peregrine
36,40,85,2,True,3.8,0,8/15/2024 5:19:57 PM,False,0,1,86,9.400001,42,,3.8,0,8/15/2024 5:20:34 PM,False,0,1,984FCD68,86,2,13,GF,40/85,732,732,Peregrine
37,40,85,43128,True,3.8,0,9/14/2024 4:07:49 PM,False,0,1,86,51,2431,,3.8,1,9/14/2024 4:48:15 PM,False,0,1,984FCD68,86,2,13,GF,40/85,1007,1007,Peregrine
38,40,85,3,True,3.8,1,9/14/2024 4:50:47 PM,False,0,1,86,25.6,616,,3.8,1,9/14/2024 5:00:58 PM,False,0,1,984FCD68,86,2,13,GF,40/85,1007,1007,Peregrine
39,40,85,1020,True,3.8,0,9/15/2024 9:59:33 AM,False,0,1,86,43.6,3552,,3.8,7,9/15/2024 10:58:40 AM,False,0,1,984FCD68,86,2,13,GF,40/85,1009,1009,Peregrine
40,40,85,18647,True,3.8,0,9/28/2024 9:44:54 AM,False,0,1,86,43.9,3498,,3.8,9,9/28/2024 10:43:07 AM,False,0,1,984FCD68,86,2,13,GF,40/85,1015,1015,Peregrine
41,40,85,27304,True,3.8,0,10/17/2024 9:45:43 AM,False,0,1,86,22.9,3473,,3.8,0,10/17/2024 10:43:30 AM,False,0,1,984FCD68,86,2,13,GF,40/85,1010,1010,Peregrine
42,40,85,23115,True,3.8,0,11/2/2024 11:57:27 AM,False,0,1,86,23.5,160,,3.8,0,11/2/2024 12:00:01 PM,False,0,1,984FCD68,86,2,13,GF,40/85,1012,1012,Peregrine
43,40,85,3,True,3.8,0,11/2/2024 12:02:35 PM,False,0,1,86,33.1,1793,,3.8,0,11/2/2024 12:32:23 PM,False,0,1,984FCD68,86,2,13,GF,40/85,1012,1012,Peregrine
44,40,85,120,True,3.7,0,11/2/2024 2:31:35 PM,False,0,1,86,21.1,280,,3.8,0,11/2/2024 2:36:10 PM,False,0,1,984FCD68,86,2,13,GF,40/85,1011,1011,Peregrine
45,40,85,5,True,3.7,0,11/2/2024 2:41:07 PM,False,0,1,86,28.1,213,,3.7,0,11/2/2024 2:44:34 PM,False,0,1,984FCD68,86,2,13,GF,40/85,1011,1011,Peregrine
46,40,85,4,True,3.7,0,11/2/2024 2:48:00 PM,False,0,1,86,27.6,207,,3.7,0,11/2/2024 2:51:22 PM,False,0,1,984FCD68,86,2,13,GF,40/85,1011,1011,Peregrine
47,40,85,21,True,3.7,0,11/2/2024 3:11:48 PM,False,0,1,86,35,1907,,3.7,0,11/2/2024 3:43:30 PM,False,0,1,984FCD68,86,2,13,GF,40/85,1015,1015,Peregrine
48,40,85,12802,True,3.7,0,11/11/2024 1:05:08 PM,False,0,1,86,44.8,3554,,3.7,0,11/11/2024 2:04:17 PM,False,0,1,984FCD68,86,2,13,GF,40/85,1015,1015,Peregrine
49,40,85,15763,True,3.7,0,11/22/2024 12:46:15 PM,False,0,1,86,58,2813,,3.7,1,11/22/2024 1:33:03 PM,False,0,1,984FCD68,86,2,13,GF,40/85,1011,1011,Peregrine
50,40,85,1418,True,3.8,0,11/23/2024 1:09:43 PM,False,0,1,86,46.8,2312,,3.8,0,11/23/2024 1:48:10 PM,False,0,1,984FCD68,86,2,13,GF,40/85,1013,1013,Peregrine
51,40,85,8425,True,4,0,11/29/2024 10:11:06 AM,False,0,1,86,31.2,3948,,4,0,11/29/2024 11:16:49 AM,False,0,1,984FCD68,86,2,13,GF,40/85,1014,1014,Peregrine
52,40,85,142,True,4,0,11/29/2024 1:37:44 PM,False,0,1,86,38.5,3697,,4,0,11/29/2024 2:39:16 PM,False,0,1,984FCD68,86,2,13,GF,40/85,1011,1011,Peregrine
53,40,85,12716,True,4,0,12/8/2024 10:34:20 AM,False,0,1,86,69.7,3562,,4,3,12/8/2024 11:33:37 AM,False,0,1,984FCD68,86,2,13,GF,40/85,1016,1016,Peregrine
54,40,85,40234,True,4,0,1/5/2025 10:06:21 AM,False,0,1,86,76.5,3240,,4,2,1/5/2025 11:00:16 AM,False,0,1,984FCD68,86,2,13,GF,40/85,1022,1022,Peregrine
55,40,85,8902,True,4,0,1/11/2025 3:21:35 PM,False,0,1,86,25.2,3955,,4,0,1/11/2025 4:27:25 PM,False,0,1,984FCD68,86,2,13,GF,40/85,1019,1019,Peregrine
102,40,85,77,False,3.8,2,3/19/2025 11:56:45 AM,False,0,1,86,20.1,2712,,3.8,5,3/19/2025 12:41:52 PM,False,0,1,984FCD68,86,2,13,GF,40/85,1009,1009,Peregrine
103,40,85,1286,False,3.8,0,3/20/2025 10:06:40 AM,False,0,1,86,9.2,3351,,3.8,0,3/20/2025 11:02:26 AM,False,0,1,984FCD68,86,2,13,GF,40/85,1009,1009,Peregrine
104,40,85,73,False,3.8,0,3/20/2025 12:14:19 PM,False,0,1,86,8.1,3233,,3.8,0,3/20/2025 1:08:07 PM,False,0,1,984FCD68,86,2,13,GF,40/85,1007,1007,Peregrine
105,40,85,5572,False,3.8,0,3/24/2025 9:59:20 AM,False,0,1,86,25.2,2904,,3.8,4,3/24/2025 10:47:39 AM,False,0,1,984FCD68,86,2,13,GF,40/85,1006,1006,Peregrine
106,40,85,99,False,3.8,2,3/24/2025 12:25:55 PM,False,0,1,86,20.9,2721,,3.8,5,3/24/2025 1:11:11 PM,False,0,1,984FCD68,86,2,13,GF,40/85,1005,1005,Peregrine
107,40,85,1257,False,3.8,0,3/25/2025 10:07:02 AM,False,0,1,86,24.8,3015,,3.7,3,3/25/2025 10:57:12 AM,False,0,1,984FCD68,86,2,13,GF,40/85,1005,1005,Peregrine
108,40,85,80,False,3.7,2,3/25/2025 12:16:20 PM,False,0,1,86,15.9,2939,,3.7,2,3/25/2025 1:05:14 PM,False,0,1,984FCD68,86,2,13,GF,40/85,1003,1003,Peregrine
109,40,85,8582,False,3.7,0,3/31/2025 12:05:50 PM,False,0,1,86,29.9,3522,,3.7,5,3/31/2025 1:04:27 PM,False,0,1,984FCD68,86,2,13,GF,40/85,1006,1006,Peregrine
110,40,85,113,False,3.7,2,3/31/2025 2:57:01 PM,False,0,1,86,8.5,2977,,3.7,2,3/31/2025 3:46:33 PM,False,0,1,984FCD68,86,2,13,GF,40/85,1002,1002,Peregrine
111,40,85,1062,False,4,0,4/1/2025 9:27:06 AM,False,0,1,86,31.1,3048,,4,2,4/1/2025 10:17:49 AM,False,0,1,984FCD68,86,2,13,GF,40/85,1007,1007,Peregrine
112,40,85,96,False,4,1,4/1/2025 11:52:42 AM,False,0,1,86,26.6,3693,,4,7,4/1/2025 12:54:10 PM,False,0,1,984FCD68,86,2,13,GF,40/85,1005,1005,Peregrine
113,45,95,1268,False,4,0,4/2/2025 10:01:11 AM,False,0,1,86,13,3006,,4,0,4/2/2025 10:51:12 AM,False,0,1,984FCD68,86,2,13,GF,45/95,1009,1009,Peregrine
114,45,95,106,False,4,0,4/2/2025 12:36:35 PM,False,0,1,86,19.7,3159,,4,2,4/2/2025 1:29:08 PM,False,0,1,984FCD68,86,2,13,GF,45/95,1006,1006,Peregrine
115,45,95,130,False,4,1,4/2/2025 3:38:27 PM,False,0,1,86,2.2,3519,,4,1,4/2/2025 4:37:01 PM,False,0,1,984FCD68,86,2,13,GF,45/95,1007,1007,Peregrine
117,45,95,116,False,4,0,4/2/2025 6:38:15 PM,False,0,1,86,13.1,3078,,4,0,4/2/2025 7:29:28 PM,False,0,1,984FCD68,86,2,13,GF,45/95,1005,1005,Peregrine
118,45,95,885,False,4,0,4/3/2025 10:13:45 AM,False,0,1,86,29.5,2937,,4,5,4/3/2025 11:02:37 AM,False,0,1,984FCD68,86,2,13,GF,45/95,1009,1009,Peregrine
119,45,95,74,False,4,3,4/3/2025 12:16:10 PM,False,0,1,86,32.4,2239,,4,5,4/3/2025 12:53:24 PM,False,0,1,984FCD68,86,2,13,GF,45/95,1011,1011,Peregrine
120,45,95,1537,False,4,0,4/4/2025 2:29:30 PM,False,0,1,86,16.1,2734,,4,1,4/4/2025 3:14:59 PM,False,0,1,984FCD68,86,2,13,GF,45/95,1005,1005,Peregrine
121,45,95,2517,False,3.9,0,4/6/2025 9:11:09 AM,False,0,1,86,17.5,3293,,3.9,2,4/6/2025 10:05:57 AM,False,0,1,984FCD68,86,2,13,GF,45/95,1009,1009,Peregrine
122,45,95,70,False,3.9,1,4/6/2025 11:15:35 AM,False,0,1,86,18.5,3089,,3.9,4,4/6/2025 12:06:59 PM,False,0,1,984FCD68,86,2,13,GF,45/95,1007,1007,Peregrine
123,45,95,8990,False,3.9,0,4/12/2025 5:55:15 PM,False,0,1,86,15.1,3423,,3.9,0,4/12/2025 6:52:13 PM,False,0,1,984FCD68,86,2,13,GF,45/95,1005,1005,Peregrine
124,45,95,817,False,3.9,0,4/13/2025 8:28:01 AM,False,0,1,86,19.2,3644,,3.9,2,4/13/2025 9:28:40 AM,False,0,1,984FCD68,86,2,13,GF,45/95,1008,1008,Peregrine
125,45,95,70,False,3.9,1,4/13/2025 10:37:21 AM,False,0,1,86,18,3443,,3.9,4,4/13/2025 11:34:39 AM,False,0,1,984FCD68,86,2,13,GF,45/95,1006,1006,Peregrine
126,45,95,1258,False,3.9,0,4/14/2025 8:31:49 AM,False,0,1,86,19.7,3842,,3.9,4,4/14/2025 9:35:46 AM,False,0,1,984FCD68,86,2,13,GF,45/95,1008,1008,Peregrine
127,45,95,67,False,3.9,2,4/14/2025 10:42:07 AM,False,0,1,86,18.5,4221,,3.9,4,4/14/2025 11:52:23 AM,False,0,1,984FCD68,86,2,13,GF,45/95,1006,1006,Peregrine
130,45,95,104,False,3.8,0,4/21/2025 3:06:04 PM,False,0,1,86,11.9,3051,,3.8,0,4/21/2025 3:56:50 PM,False,0,1,984FCD68,86,2,13,GF,45/95,1004,1004,Peregrine
131,45,95,1215,False,3.8,0,4/22/2025 12:11:11 PM,False,0,1,86,18.3,2791,,3.8,1,4/22/2025 12:57:37 PM,False,0,1,984FCD68,86,2,13,GF,45/95,1007,1007,Peregrine
132,45,95,117,False,3.8,1,4/22/2025 2:54:05 PM,False,0,1,86,18.7,3603,,3.8,3,4/22/2025 3:54:03 PM,False,0,1,984FCD68,86,2,13,GF,45/95,1004,1004,Peregrine
133,45,95,1069,False,3.8,0,4/23/2025 9:42:19 AM,False,0,1,86,19.4,2539,,3.8,3,4/23/2025 10:24:33 AM,False,0,1,984FCD68,86,2,13,GF,45/95,1008,1008,Peregrine
134,45,95,94,False,3.8,1,4/23/2025 11:57:33 AM,False,0,1,86,17,3007,,3.8,3,4/23/2025 12:47:35 PM,False,0,1,984FCD68,86,2,13,GF,45/95,1008,1008,Peregrine
135,45,95,133,False,3.8,1,4/23/2025 3:00:01 PM,False,0,1,86,17.6,3471,,3.8,2,4/23/2025 3:57:47 PM,False,0,1,984FCD68,86,2,13,GF,45/95,1005,1005,Peregrine
136,45,95,1194,False,3.8,0,4/24/2025 11:51:19 AM,False,0,1,86,8.3,171,,3.8,0,4/24/2025 11:54:05 AM,False,0,1,984FCD68,86,2,13,GF,45/95,1008,1008,Peregrine
137,45,95,3,False,3.8,0,4/24/2025 11:56:53 AM,False,0,1,86,20.3,2916,,3.8,3,4/24/2025 12:45:24 PM,False,0,1,984FCD68,86,2,13,GF,45/95,1008,1008,Peregrine
138,45,95,1257,False,3.8,0,4/25/2025 9:41:31 AM,False,0,1,86,5.5,209,,3.8,0,4/25/2025 9:44:55 AM,False,0,1,984FCD68,86,2,13,GF,45/95,1009,1009,Peregrine
139,45,95,4,False,3.8,0,4/25/2025 9:48:30 AM,False,0,1,86,20.1,3173,,3.8,4,4/25/2025 10:41:17 AM,False,0,1,984FCD68,86,2,13,GF,45/95,1009,1009,Peregrine
140,45,95,224,False,3.8,1,4/25/2025 2:24:31 PM,False,0,1,86,19.9,3619,,3.8,4,4/25/2025 3:24:45 PM,False,0,1,984FCD68,86,2,13,GF,45/95,1006,1006,Peregrine
141,45,95,1089,False,3.8,0,4/26/2025 9:33:04 AM,False,0,1,86,26.7,3469,,3.8,5,4/26/2025 10:30:48 AM,False,0,1,984FCD68,86,2,13,GF,45/95,1009,1009,Peregrine
142,45,95,87,False,3.8,3,4/26/2025 11:56:56 AM,False,0,1,86,8.8,554,,3.8,3,4/26/2025 12:06:05 PM,False,0,1,984FCD68,86,2,13,GF,45/95,1007,1007,Peregrine
143,45,95,4,False,3.8,3,4/26/2025 12:09:52 PM,False,0,1,86,24.2,2989,,3.8,6,4/26/2025 12:59:36 PM,False,0,1,984FCD68,86,2,13,GF,45/95,1007,1007,Peregrine
144,45,95,3016,False,3.8,0,4/28/2025 3:14:27 PM,False,0,1,86,13.1,2999,,3.8,0,4/28/2025 4:04:21 PM,False,0,1,984FCD68,86,2,13,GF,45/95,1005,1005,Peregrine
145,45,95,2495,False,3.8,0,4/30/2025 9:38:33 AM,False,0,1,86,18.1,3458,,3.8,5,4/30/2025 10:36:06 AM,False,0,1,984FCD68,86,2,13,GF,45/95,1007,1007,Peregrine
146,45,95,86,False,3.8,2,4/30/2025 12:01:32 PM,False,0,1,86,19.2,3722,,3.8,6,4/30/2025 1:03:29 PM,False,0,1,984FCD68,86,2,13,GF,45/95,1007,1007,Peregrine
147,45,95,2669,False,3.8,0,5/2/2025 9:31:33 AM,False,0,1,86,18.3,4011,,3.8,6,5/2/2025 10:38:19 AM,False,0,1,984FCD68,86,2,13,GF,45/95,1008,1008,Peregrine
148,45,95,1910,False,3.8,0,5/3/2025 6:27:14 PM,False,0,1,86,17.4,2938,,3.8,0,5/3/2025 7:16:07 PM,False,0,1,984FCD68,86,2,13,GF,45/95,1005,1005,Peregrine
149,45,95,2410,False,3.8,0,5/5/2025 11:25:15 AM,False,0,1,86,19.3,3595,,3.8,2,5/5/2025 12:25:05 PM,False,0,1,984FCD68,86,2,13,GF,45/95,1007,1007,Peregrine
150,45,95,97,False,3.8,1,5/5/2025 2:01:40 PM,False,0,1,86,10.5,3807,,3.8,1,5/5/2025 3:05:02 PM,False,0,1,984FCD68,86,2,13,GF,45/95,1004,1004,Peregrine
151,45,95,1080,False,3.7,0,5/6/2025 9:03:43 AM,False,0,1,86,10.5,4061,,3.7,0,5/6/2025 10:11:19 AM,False,0,1,984FCD68,86,2,13,GF,45/95,1008,1008,Peregrine
152,45,95,86,False,3.7,0,5/6/2025 11:36:12 AM,False,0,1,86,8.8,4257,,3.7,0,5/6/2025 12:47:04 PM,False,0,1,984FCD68,86,2,13,GF,45/95,1006,1006,Peregrine
153,45,95,1221,False,3.7,0,5/7/2025 9:06:54 AM,False,0,1,86,11,3804,,3.7,0,5/7/2025 10:10:13 AM,False,0,1,984FCD68,86,2,13,GF,45/95,1006,1006,Peregrine
154,45,95,97,False,3.7,0,5/7/2025 11:46:51 AM,False,0,1,86,7.9,4705,,3.7,0,5/7/2025 1:05:11 PM,False,0,1,984FCD68,86,2,13,GF,45/95,1004,1004,Peregrine
155,45,95,1198,False,3.7,0,5/8/2025 9:01:30 AM,False,0,1,86,9.8,3456,,3.7,0,5/8/2025 9:59:01 AM,False,0,1,984FCD68,86,2,13,GF,45/95,1006,1006,Peregrine
156,45,95,118,False,3.7,0,5/8/2025 11:56:09 AM,False,0,1,86,8.7,3312,,3.7,0,5/8/2025 12:51:16 PM,False,0,1,984FCD68,86,2,13,GF,45/95,1006,1006,Peregrine
157,45,95,4117,False,4,0,5/11/2025 9:27:27 AM,False,0,1,86,27.1,2645,,4,5,5/11/2025 10:11:27 AM,False,0,1,984FCD68,86,2,13,GF,45/95,1006,1006,Peregrine
158,45,95,1395,False,4,0,5/12/2025 9:25:20 AM,False,0,1,86,19.1,3742,,4,3,5/12/2025 10:27:37 AM,False,0,1,984FCD68,86,2,13,GF,45/95,1006,1006,Peregrine
159,45,95,100,False,4,2,5/12/2025 12:07:01 PM,False,0,1,86,17.7,3805,,4,5,5/12/2025 1:10:21 PM,False,0,1,984FCD68,86,2,13,GF,45/95,1005,1005,Peregrine
160,45,95,1243,False,4,0,5/13/2025 9:53:07 AM,False,0,1,86,6.6,2904,,4,0,5/13/2025 10:41:26 AM,False,0,1,984FCD68,86,2,13,GF,45/95,1008,1008,Peregrine
161,45,95,88,False,4,0,5/13/2025 12:08:18 PM,False,0,1,86,8.400001,4114,,4,0,5/13/2025 1:16:47 PM,False,0,1,984FCD68,86,2,13,GF,45/95,1005,1005,Peregrine
162,45,95,1237,False,4,0,5/14/2025 9:53:10 AM,False,0,1,86,15.8,3425,,4,1,5/14/2025 10:50:10 AM,False,0,1,984FCD68,86,2,13,GF,45/95,1008,1008,Peregrine
163,45,95,77,False,4,0,5/14/2025 12:06:33 PM,False,0,1,86,19,4033,,4,5,5/14/2025 1:13:41 PM,False,0,1,984FCD68,86,2,13,GF,45/95,1007,1007,Peregrine
164,45,95,1227,False,4,0,5/15/2025 9:40:19 AM,False,0,1,86,21.9,3757,,4,6,5/15/2025 10:42:51 AM,False,0,1,984FCD68,86,2,13,GF,45/95,1008,1008,Peregrine
165,45,95,10982,False,3.9,0,5/23/2025 1:43:35 AM,False,0,1,86,11,3389,,3.9,0,5/23/2025 2:39:59 AM,False,0,1,984FCD68,86,2,13,GF,45/95,1014,1014,Peregrine
166,45,95,142,False,3.9,0,5/23/2025 5:01:40 AM,False,0,1,86,11.5,2281,,3.9,0,5/23/2025 5:39:36 AM,False,0,1,984FCD68,86,2,13,GF,45/95,1017,1017,Peregrine
167,45,95,1347,False,3.9,0,5/23/2025 1:03:20 PM,False,0,1,86,9,3058,,3.9,0,5/23/2025 1:54:13 PM,False,0,1,984FCD68,86,2,13,GF,45/95,1018,1018,Peregrine
168,45,95,9840,False,3.9,0,5/30/2025 9:53:42 AM,False,0,1,86,16.5,3066,,3.9,1,5/30/2025 10:44:43 AM,False,0,1,984FCD68,86,2,13,GF,45/95,1014,1014,Peregrine
169,45,95,4,False,3.9,1,5/30/2025 10:47:45 AM,False,0,1,86,7.9,673,,3.9,1,5/30/2025 10:58:53 AM,False,0,1,984FCD68,86,2,13,GF,45/95,1014,1014,Peregrine
170,45,95,2,False,3.9,1,5/30/2025 11:00:06 AM,False,0,1,86,3.9,176,,3.9,1,5/30/2025 11:02:57 AM,False,0,1,984FCD68,86,2,13,GF,45/95,1014,1014,Peregrine
171,45,95,1379,False,3.9,0,5/31/2025 10:01:39 AM,False,0,1,86,13.4,3482,,3.9,0,5/31/2025 10:59:36 AM,False,0,1,984FCD68,86,2,13,GF,45/95,1014,1014,Peregrine
172,45,95,4329,False,3.9,0,6/3/2025 11:08:04 AM,False,0,1,86,11,2828,,3.9,0,6/3/2025 11:55:07 AM,False,0,1,984FCD68,86,2,13,GF,45/95,771,771,Peregrine
173,45,95,373,False,3.9,0,6/3/2025 6:07:09 PM,False,0,1,86,8.2,2643,,3.9,0,6/3/2025 6:51:07 PM,False,0,1,984FCD68,86,2,13,GF,45/95,769,769,Peregrine
174,45,95,914,False,3.9,0,6/4/2025 10:03:44 AM,False,0,1,86,9,3300,,3.8,0,6/4/2025 10:58:39 AM,False,0,1,984FCD68,86,2,13,GF,45/95,766,766,Peregrine
175,45,95,101,False,3.8,0,6/4/2025 12:38:39 PM,False,0,1,86,13.9,2237,,3.8,0,6/4/2025 1:15:51 PM,False,0,1,984FCD68,86,2,13,GF,45/95,765,765,Peregrine
176,45,95,5670,False,3.8,0,6/8/2025 11:44:47 AM,False,0,1,86,8.7,3518,,3.8,0,6/8/2025 12:43:20 PM,False,0,1,984FCD68,86,2,13,GF,45/95,1013,1013,Peregrine
177,45,95,86,False,3.8,0,6/8/2025 2:08:46 PM,False,0,1,86,8.7,3983,,3.8,0,6/8/2025 3:15:03 PM,False,0,1,984FCD68,86,2,13,GF,45/95,1012,1012,Peregrine
178,45,95,6932,False,3.8,0,6/13/2025 10:46:26 AM,False,0,1,86,6.6,1327,,3.8,0,6/13/2025 11:08:28 AM,False,0,1,984FCD68,86,2,13,GF,45/95,1016,1016,Peregrine
179,45,95,6,False,3.8,0,6/13/2025 11:13:56 AM,False,0,1,86,8.5,3229,,3.8,0,6/13/2025 12:07:40 PM,False,0,1,984FCD68,86,2,13,GF,45/95,1016,1016,Peregrine
180,45,95,1730,False,3.8,0,6/14/2025 4:56:38 PM,False,0,1,86,15.3,3591,,3.8,1,6/14/2025 5:56:24 PM,False,0,1,984FCD68,86,2,13,GF,45/95,1012,1012,Peregrine
181,45,95,3789,False,3.8,0,6/17/2025 9:04:26 AM,False,0,1,86,13.5,2908,,3.8,0,6/17/2025 9:52:48 AM,False,0,1,984FCD68,86,2,13,GF,45/95,1015,1015,Peregrine
182,45,95,99,False,3.8,0,6/17/2025 11:31:14 AM,False,0,1,86,14,2679,,3.8,0,6/17/2025 12:15:48 PM,False,0,1,984FCD68,86,2,13,GF,45/95,1015,1015,Peregrine
183,45,95,11686,False,3.8,0,6/25/2025 3:00:36 PM,False,0,1,86,15.4,2445,,3.8,1,6/25/2025 3:41:16 PM,False,0,1,984FCD68,86,2,13,GF,45/95,1014,1014,Peregrine
184,45,95,10,False,3.8,1,6/25/2025 3:50:34 PM,False,0,1,86,4.9,227,,3.8,1,6/25/2025 3:54:16 PM,False,0,1,984FCD68,86,2,13,GF,45/95,1014,1014,Peregrine
185,45,95,41470,False,3.8,0,7/24/2025 11:03:23 AM,False,0,1,86,2.6,81,,3.8,0,7/24/2025 11:04:39 AM,False,0,1,984FCD68,86,2,13,GF,45/95,1018,1018,Peregrine
186,45,95,4,False,3.8,0,7/24/2025 11:08:16 AM,False,0,1,86,12.8,2601,,3.8,0,7/24/2025 11:51:31 AM,False,0,1,984FCD68,86,2,13,GF,45/95,1018,1018,Peregrine
187,45,95,29,False,3.8,0,7/24/2025 12:20:14 PM,False,0,1,86,8.1,2857,,3.8,0,7/24/2025 1:07:46 PM,False,0,1,984FCD68,86,2,13,GF,45/95,1017,1017,Peregrine
188,45,95,4196,False,3.8,0,7/27/2025 11:03:11 AM,False,0,1,86,21,2900,,3.8,5,7/27/2025 11:51:26 AM,False,0,1,984FCD68,86,2,13,GF,45/95,1016,1016,Peregrine
189,45,95,25,False,3.8,4,7/27/2025 12:16:18 PM,False,0,1,86,12.9,2714,,3.8,4,7/27/2025 1:01:27 PM,False,0,1,984FCD68,86,2,13,GF,45/95,1016,1016,Peregrine
190,45,95,14059,False,3.8,0,8/6/2025 7:19:35 AM,False,0,1,86,18.6,3230,,3.8,6,8/6/2025 8:13:20 AM,False,0,1,984FCD68,86,2,13,GF,45/95,1019,1019,Peregrine
191,45,95,63,False,3.8,4,8/6/2025 9:15:26 AM,False,0,1,86,14.4,4265,,3.8,4,8/6/2025 10:26:26 AM,False,0,1,984FCD68,86,2,13,GF,45/95,1020,1020,Peregrine
192,45,95,14430,False,3.8,0,8/16/2025 10:55:32 AM,False,0,1,86,8.7,2872,,3.8,0,8/16/2025 11:43:19 AM,False,0,1,984FCD68,86,2,13,GF,45/95,1013,1013,Peregrine
193,45,95,29,False,3.8,0,8/16/2025 12:11:41 PM,False,0,1,86,9.5,2823,,3.8,0,8/16/2025 12:58:39 PM,False,0,1,984FCD68,86,2,13,GF,45/95,1012,1012,Peregrine
194,40,85,51498,False,3.7,0,9/21/2025 7:16:09 AM,False,0,1,86,35.9,1487,,3.7,3,9/21/2025 7:40:51 AM,False,0,1,984FCD68,86,2,13,GF,40/85,1012,1012,Peregrine
195,40,85,53,False,3.7,2,9/21/2025 8:33:31 AM,False,0,1,86,18,868,,3.7,3,9/21/2025 8:47:54 AM,False,0,1,984FCD68,86,2,13,GF,40/85,1012,1012,Peregrine
196,40,85,129,False,3.7,1,9/21/2025 10:56:17 AM,False,0,1,86,13.8,626,,3.7,1,9/21/2025 11:06:38 AM,False,0,1,984FCD68,86,2,13,GF,40/85,1011,1011,Peregrine
197,40,85,34,False,3.7,1,9/21/2025 11:40:00 AM,False,0,1,86,4.4,1057,,3.7,1,9/21/2025 11:57:32 AM,False,0,1,984FCD68,86,2,13,GF,40/85,1010,1010,Peregrine
